tx_hash,from_address,to_address,amount,timestamp,label
0xd77405676731114bebec4e91078a4054a5c58cd7b243393586d636d7ff7642f1,0x0000000000000000000000000000000000000006,0x0000000000000000000000000000000000000008,47.0501,2026-03-11 13:00:59.329378,Normal
0xed9a8a571907fa76ca9dffeec1c82b776909f2f182e3a4e5803007f4f29b495d,0x000000000000000000000000000000000000000b,0x0000000000000000000000000000000000000009,35.3505,2026-03-11 13:03:59.329378,Normal
0x23435808f047cbf8a88333cf0e4587efa84b1592dc5f7fce9fb49bdc424a38c8,0x000000000000000000000000000000000000001a,0x0000000000000000000000000000000000000011,21.2365,2026-03-11 13:58:59.329378,Normal
0xcfd78299e2911201eb305ab5c464556d8069d2a93d0d0d61f75c1367edb42e4e,0x000000000000000000000000000000000000003f,0x000000000000000000000000000000000000002d,20.9749,2026-03-11 13:59:59.329378,Normal
0x42fd478242209a7183b64923d5066db6c771b1ee416c3261aa1e8edf74038b96,0x0000000000000000000000000000000000000002,0x0000000000000000000000000000000000000001,13.5035,2026-03-11 14:15:59.329378,Suspicious (Wash Trading)
0xd260d1079c58f042693e1e4bf3f0152f9ef263327b85d1a834b799c4f08b12ca,0x0000000000000000000000000000000000000010,0x0000000000000000000000000000000000000029,0.6043,2026-03-11 14:44:59.329378,Normal
0xc01d13d87b0dc23699813bb8ccb7d0a23f37753c4b6fd77f03003ef999554697,0x0000000000000000000000000000000000000060,0x0000000000000000000000000000000000000043,10.4978,2026-03-11 14:45:59.329378,Normal
0xfc118dc54a89fc6a2a2d906b00d10b3900d07db5498394f9bf6241cf5bcfd56a,0x0000000000000000000000000000000000000030,0x000000000000000000000000000000000000003c,14.3639,2026-03-11 14:56:59.329378,Normal
0x41339a9d31d8ecbe1b669688d53529f0a6189a89bf587a93bafb65c19710e0f0,0x000000000000000000000000000000000000003b,0x000000000000000000000000000000000000003e,6.9945,2026-03-11 15:18:59.329378,Normal
0xc8b2252a45b004235a9f517394555af75da9177360cc301dab534b8809cadd49,0x0000000000000000000000000000000000000064,0x000000000000000000000000000000000000000e,31.1329,2026-03-11 16:04:59.329378,Normal
0xfac9061f52a9073d9e3d2dbbd3021cbc42e27de95efce2a1178c04cb752bc04b,0x0000000000000000000000000000000000000046,0x0000000000000000000000000000000000000034,11.9539,2026-03-11 16:27:59.329378,Normal
0xc1afba16ed60952d6a2f5e1b83b2ab70e886177d5fad7fedc769e5b75eaa4933,0x0000000000000000000000000000000000000057,0x0000000000000000000000000000000000000038,48.6705,2026-03-11 17:53:59.329378,Normal
0xb16c56189581b2888a334f146ff0f42e1d5903a8f78892ee5cf07c682229aa89,0x000000000000000000000000000000000000000d,0x0000000000000000000000000000000000000038,4.8589,2026-03-11 18:28:59.329378,Normal
0x551857e17f7ffe55ac2398536a3ea713622fc539b699e9beacb3ec5eefd7ebfa,0x0000000000000000000000000000000000000016,0x000000000000000000000000000000000000001c,41.6658,2026-03-11 19:31:59.329378,Normal
0xe7f4e64f2d619f7d8c1806dc82b56a68f5608a1305797516be49a964f680d50e,0x000000000000000000000000000000000000005a,0x000000000000000000000000000000000000005f,36.3208,2026-03-11 20:12:59.329378,Normal
0x478aa4578891705d7fdada0d5d6c09272b138fd149cf867ec31890f390ef321c,0x0000000000000000000000000000000000000061,0x000000000000000000000000000000000000003a,9.1771,2026-03-11 20:35:59.329378,Normal
0xdc691d7d4726a136e10743c9bfbc78c92a1c451aca6573c79848b29fd22bb7b6,0x0000000000000000000000000000000000000043,0x0000000000000000000000000000000000000018,6.8961,2026-03-11 20:46:59.329378,Normal
0xddccc21bb84e0ae8fd2c46185ee293b9902ca3e1eb16b6a3a1189df122c24f64,0x000000000000000000000000000000000000003a,0x0000000000000000000000000000000000000037,22.5083,2026-03-11 20:51:59.329378,Normal
0xbfef35d5c12b9fabaf27518b9d9a94425c2cdad68fac5637869274d140875947,0x000000000000000000000000000000000000001b,0x0000000000000000000000000000000000000025,10.3709,2026-03-11 22:05:59.329378,Normal
0x7fbc5c110efe3015f9104f473eabe6b686bba0193f850d3b97addb9b69690e9f,0x0000000000000000000000000000000000000026,0x0000000000000000000000000000000000000051,0.049,2026-03-11 22:06:59.329378,Suspicious (Sybil/Consolidation)
0x2caae23ca3f9d980ec5a94025647624aca2dbd585fdcb1205df61899b9021bdb,0x000000000000000000000000000000000000005c,0x000000000000000000000000000000000000002b,19.8483,2026-03-11 22:23:59.329378,Normal
0x4ac99214b3396d6ca23012493ffa2fc929082b7df59a5336680d770b8f1ccce9,0x000000000000000000000000000000000000004a,0x0000000000000000000000000000000000000024,43.2532,2026-03-11 23:20:59.329378,Normal
0x4df3be3540299d4536767eb9a041c02003609a4b1f631a84787ea1def05d7db7,0x000000000000000000000000000000000000004c,0x0000000000000000000000000000000000000057,31.3194,2026-03-11 23:34:59.329378,Normal
0x9dce4c77ca519abe643f90d1dcc37125e05d9a1f62866bcafac4fa8e86985e04,0x0000000000000000000000000000000000000039,0x0000000000000000000000000000000000000010,22.1678,2026-03-11 23:34:59.329378,Normal
0x8e4a6bf6f7e4b933b0f19fe8c2aa21fcaabe04fcd2fbf2781574385f938f81b0,0x0000000000000000000000000000000000000058,0x0000000000000000000000000000000000000043,47.7326,2026-03-11 23:56:59.329378,Normal
0x8603c0792e04e710661f169d0794dc5245e53781d45bf5ff36abe4af01842970,0x0000000000000000000000000000000000000031,0x000000000000000000000000000000000000004d,14.251,2026-03-12 00:34:59.329378,Normal
0x7db3d143193265bc8a31cdd2b998570ef7d1ae3b989be06eb5c58670b6fa3319,0x0000000000000000000000000000000000000062,0x0000000000000000000000000000000000000064,21.976,2026-03-12 00:36:59.329378,Normal
0x12e0ff173a5f13864a48f562b7b80024942809b64f1b7b2f1569b1277ea6cdfc,0x0000000000000000000000000000000000000048,0x000000000000000000000000000000000000003a,17.0788,2026-03-12 00:43:59.329378,Normal
0xb448c95f81fe39a9a57d99b810e84b4967d4af65ba6731d6e44a43f0d47c549c,0x000000000000000000000000000000000000002c,0x000000000000000000000000000000000000000a,31.1071,2026-03-12 00:49:59.329378,Normal
0x477dcfe2eefc13f3c916524c41c711989df811f06c780a609e5badd6ab23c92c,0x0000000000000000000000000000000000000001,0x0000000000000000000000000000000000000017,13.7296,2026-03-12 01:03:59.329378,Suspicious (Wash Trading)
0x49cbfbf5ddf0e9aea5b56c30fd9bba1fbd8cccecd7edb7a67ef5fcbc718db62b,0x000000000000000000000000000000000000003f,0x0000000000000000000000000000000000000042,29.7458,2026-03-12 01:39:59.329378,Normal
0xd85198e96695289c648fb27041b478c97232a932653b3babc4c530c7d9555a47,0x0000000000000000000000000000000000000001,0x0000000000000000000000000000000000000017,13.8647,2026-03-12 01:50:59.329378,Suspicious (Wash Trading)
0xa606aa55903509ba2aea4b835195d9b48ba0a4c0e1989925ae4fc5e0aee026f6,0x0000000000000000000000000000000000000001,0x0000000000000000000000000000000000000017,11.8883,2026-03-12 02:09:59.329378,Suspicious (Wash Trading)
0x43db455788bfe82bf6fa2b99464cee45c4129bb5463c06eab5d85e25df9cd621,0x0000000000000000000000000000000000000057,0x000000000000000000000000000000000000002c,8.3428,2026-03-12 02:33:59.329378,Normal
0xdf48c2c03cd6d0ee2e2a3f41a4292388822db18a6be344497ef88e22b2d8b5eb,0x0000000000000000000000000000000000000062,0x000000000000000000000000000000000000005c,2.2222,2026-03-12 02:45:59.329378,Normal
0x8c973836dadaad5eba0ed882115e38889036b48d853803bb6a689f7deaad3790,0x0000000000000000000000000000000000000019,0x0000000000000000000000000000000000000051,0.0343,2026-03-12 03:07:59.329378,Suspicious (Sybil/Consolidation)
0x7fe71e55daf52d0fe75a665c4c3c0cdfd617f80a70498c5554c95960df7ccbf4,0x0000000000000000000000000000000000000027,0x000000000000000000000000000000000000005e,41.9809,2026-03-12 03:55:59.329378,Normal
0x460bb0e2b1ec8172f1a272a2a24eaf3674e6c8629d46bb95e3c45e0164eac79d,0x0000000000000000000000000000000000000048,0x000000000000000000000000000000000000001f,47.5431,2026-03-12 05:15:59.329378,Normal
0x8ff00fdee5fe89501523aacc45f4bc9749206ffe6c1d75bc8acf3565ffeb7a27,0x0000000000000000000000000000000000000036,0x0000000000000000000000000000000000000062,44.0067,2026-03-12 05:16:59.329378,Normal
0x8abd2f1a11c5b1cdd4344ab781c7eb7ce59966fdd6e45465de881e1ba8c57aa3,0x000000000000000000000000000000000000002e,0x000000000000000000000000000000000000004b,4.3339,2026-03-12 05:19:59.329378,Normal
0xd3dfe6477caa7936d672e26a6846fec21fb343008987dc55d85c1149d40b1643,0x0000000000000000000000000000000000000040,0x0000000000000000000000000000000000000056,16.7035,2026-03-12 05:29:59.329378,Normal
0x2587e5901a56cd593a1bff20f749d693042d3fac003a66a830df7f8d9879a950,0x0000000000000000000000000000000000000003,0x000000000000000000000000000000000000003e,33.8404,2026-03-12 05:32:59.329378,Normal
0xb2468f8f14d28fe9dfac443021da48abbbf33dfcbfc19281e439977e3aba4ae9,0x0000000000000000000000000000000000000039,0x0000000000000000000000000000000000000012,20.7564,2026-03-12 05:37:59.329378,Normal
0x2a147837f25daa0bcb1e9e32b43336e9fb909b570f1cc0e06b60f2a82cc9cb01,0x0000000000000000000000000000000000000064,0x0000000000000000000000000000000000000051,0.0417,2026-03-12 06:05:59.329378,Suspicious (Sybil/Consolidation)
0xbc40ab647babc578e2ef99cdc4d0beba577fc164d3dc99e13f6438d52031c1c7,0x0000000000000000000000000000000000000051,0x0000000000000000000000000000000000000049,3.0152,2026-03-12 06:45:59.329378,Normal
0x82fd69d6dbbfc5a732216c133893693d376cd6c96295a2961e30d36be2302c31,0x0000000000000000000000000000000000000021,0x0000000000000000000000000000000000000020,45.3728,2026-03-12 07:09:59.329378,Normal
0x3a4cf40c0b1755ab813c5d62274807f5ee4fc369ac1460386b532a88af36df6d,0x000000000000000000000000000000000000004e,0x0000000000000000000000000000000000000039,14.5276,2026-03-12 07:46:59.329378,Normal
0xefdd93e9126a42c5a7a0e04540142336d20425b732fb2e9185a3945ff4dfb175,0x0000000000000000000000000000000000000024,0x0000000000000000000000000000000000000008,49.0224,2026-03-12 07:47:59.329378,Normal
0xac684fe87bd42f95775d3287feaa2bc4ea4fd4a4785594a6da0e65b2eb3b051e,0x0000000000000000000000000000000000000027,0x0000000000000000000000000000000000000051,10.346,2026-03-12 07:51:59.329378,Normal
0xcc4184dc9b730fc3044493678d6c1e4ecadaf0abf778f5e4e6d3f2c2db3aef82,0x000000000000000000000000000000000000001d,0x0000000000000000000000000000000000000038,12.7341,2026-03-12 08:13:59.329378,Normal
0x4ccedbd558bdc767f07f9ed0f12d27342036799a3706be9a904df314f931fb34,0x0000000000000000000000000000000000000062,0x000000000000000000000000000000000000001c,32.3365,2026-03-12 08:16:59.329378,Normal
0xab0ea459fbd471bcf886652de960666a9e326f4bcb92651f35af44bbd7ba3d5e,0x0000000000000000000000000000000000000012,0x000000000000000000000000000000000000003e,8.9174,2026-03-12 08:16:59.329378,Normal
0x469b124ce8cd5dcb4b76f04c5bf80b71423a8407bb00b63f090bb54ea8b65585,0x0000000000000000000000000000000000000063,0x0000000000000000000000000000000000000016,47.3956,2026-03-12 09:14:59.329378,Normal
0x800820d4a70c9ad728f149f6dde7eaba214ac6f7fb599e3776a205edbde07dfc,0x000000000000000000000000000000000000003d,0x0000000000000000000000000000000000000054,33.5733,2026-03-12 09:14:59.329378,Normal
0xde9a74f5b894deb346f86e86ee5ca970c22d96fd99e5fe0b378df1a82cec0580,0x000000000000000000000000000000000000005f,0x0000000000000000000000000000000000000019,44.7991,2026-03-12 09:34:59.329378,Normal
0xe176ac3e5ab086b85886cbb9a8e4e7cda7ed92738ee0073eadd36107917ecfa3,0x0000000000000000000000000000000000000030,0x0000000000000000000000000000000000000005,23.2791,2026-03-12 09:47:59.329378,Normal
0xeba6ae40bccaf94c0f4216048ef54e02df687844921cb65af8b6d7c6752e67b6,0x0000000000000000000000000000000000000059,0x0000000000000000000000000000000000000002,14.3338,2026-03-12 10:04:59.329378,Suspicious (Wash Trading)
0x5f312ea68de7da443a5dc31db7dbfe696342e71a52a8c4c2f82a009927c59900,0x0000000000000000000000000000000000000016,0x0000000000000000000000000000000000000003,48.5597,2026-03-12 10:25:59.329378,Normal
0x81f34ff88ac1206e8b634d3e7b49300ceeb79f745e878e92cc8a3dcaa80029c3,0x0000000000000000000000000000000000000018,0x0000000000000000000000000000000000000013,16.2909,2026-03-12 10:56:59.329378,Normal
0xc7f22f06a148b7a0aa9f465c0bddcc50d35b848f966bdf653560dd65262c385d,0x0000000000000000000000000000000000000024,0x0000000000000000000000000000000000000014,34.9356,2026-03-12 11:23:59.329378,Normal
0x4894016877b2666e721244edb94ab636f1732d2eca230a1ec7a102d9a09a3bd0,0x0000000000000000000000000000000000000033,0x000000000000000000000000000000000000002f,37.5397,2026-03-12 11:25:59.329378,Normal
0xc339320ccde00dc69ffdc3ed6c7e93b2fd3e13a9cdfbb4e829e7abce6af31542,0x0000000000000000000000000000000000000029,0x0000000000000000000000000000000000000006,31.2404,2026-03-12 11:47:59.329378,Normal
0xb0fb3fd341870c53795c7067c1715bccb51af41ff34a37332cb5987e03d34e56,0x0000000000000000000000000000000000000029,0x0000000000000000000000000000000000000027,28.6637,2026-03-12 11:59:59.329378,Normal
0x31eba6bf98524fe6b3808c53e16a1829fc5e682bf80e1dff98e410631139b56e,0x0000000000000000000000000000000000000044,0x0000000000000000000000000000000000000057,21.13,2026-03-12 13:29:59.329378,Normal
0x80a04097c908741bbc46afa08487fb6767cb6b8b69f40f67ebb19bf987087624,0x0000000000000000000000000000000000000044,0x000000000000000000000000000000000000000f,48.6749,2026-03-12 13:49:59.329378,Normal
0xd7581dba101821eac317202a3e367342082be335a54d1f0bda91bda30732f946,0x0000000000000000000000000000000000000019,0x000000000000000000000000000000000000005c,4.2187,2026-03-12 14:10:59.329378,Normal
0x77c837fdd97c9f4b107cf745c42e246406867dcd7f05fc7e1617fad5434973a3,0x0000000000000000000000000000000000000052,0x0000000000000000000000000000000000000057,5.9606,2026-03-12 15:26:59.329378,Normal
0x2478bf489a0751b21ba461c29195a79e28c1f550681cc5f22d9634aeef801c52,0x0000000000000000000000000000000000000007,0x0000000000000000000000000000000000000006,3.935,2026-03-12 16:27:59.329378,Normal
0x261e650b1c59edcdb90c2e3625be44fe6ee8e8698389396cd2ddcdede6ebe7a8,0x0000000000000000000000000000000000000026,0x0000000000000000000000000000000000000048,42.2729,2026-03-12 16:28:59.329378,Normal
0xd57d9816ef9c6b5555531e6aadbb07804bc22c1a657f81ebb8f81c8c22f25bb1,0x0000000000000000000000000000000000000052,0x0000000000000000000000000000000000000027,17.3981,2026-03-12 16:33:59.329378,Normal
0xc5c99291e91fa146d9a9d8132b453f700c53a09b2924b00aedc638a3b2af26ae,0x0000000000000000000000000000000000000064,0x000000000000000000000000000000000000003b,34.5222,2026-03-12 16:50:59.329378,Normal
0x43874819d36e7704b6004d6a7f55405f418e964bbf444abbc75588a1d6a4b80d,0x0000000000000000000000000000000000000013,0x000000000000000000000000000000000000004e,23.9109,2026-03-12 17:21:59.329378,Normal
0x743b04d9147a838c49320dc2636380f915039b9c42dca7b5f891dac4e4570054,0x0000000000000000000000000000000000000017,0x0000000000000000000000000000000000000059,13.2442,2026-03-12 17:22:59.329378,Suspicious (Wash Trading)
0xe86297f6a5e5fb2b649d47d82ae57c20cb8a9659d20158cf14e92dec1edfb97a,0x0000000000000000000000000000000000000040,0x000000000000000000000000000000000000005b,18.6706,2026-03-12 17:37:59.329378,Normal
0x1a89cc2fe158a6f2702ce24e6beb590f3d4753aa94774f601f67024b1570ff89,0x000000000000000000000000000000000000000d,0x0000000000000000000000000000000000000010,39.4052,2026-03-12 18:19:59.329378,Normal
0x7113efcca04b16988f50f4d84760270f1acc84c37534e9b4b4d4ed5e04bde04e,0x000000000000000000000000000000000000002b,0x000000000000000000000000000000000000003c,49.099,2026-03-12 18:34:59.329378,Normal
0xfdedab3a09e9b315aa16827d698a0d15eeadf4ea74fc154e8e0c1add3796a2a8,0x000000000000000000000000000000000000000c,0x000000000000000000000000000000000000002f,3.571,2026-03-12 19:23:59.329378,Normal
0x9026655ded01cf7c17d718e6646582fc9223cde109221b6e920d0c5c8e8a9dd3,0x0000000000000000000000000000000000000055,0x0000000000000000000000000000000000000013,37.2256,2026-03-12 20:39:59.329378,Normal
0x3fdb58145036bed8471e025f9a04e43fc2a6530c2765c8034e7f3d101a0aeb24,0x000000000000000000000000000000000000000f,0x0000000000000000000000000000000000000004,34.2044,2026-03-12 20:56:59.329378,Normal
0x266235e64142cf670ef71c1a9a873c1cb76e3409946e95039c272db41c97a983,0x0000000000000000000000000000000000000058,0x0000000000000000000000000000000000000050,15.5279,2026-03-12 21:06:59.329378,Normal
0x8857ff392e9ecaed689cc1ec2d2550a8b786d303d05d37e0d7d083251cebfc33,0x0000000000000000000000000000000000000016,0x000000000000000000000000000000000000003f,23.558,2026-03-12 21:31:59.329378,Normal
0x85a3c68b674f41a8c515e8473cf4aae28ddf7851937fcf5f2752bce274405a26,0x000000000000000000000000000000000000004a,0x0000000000000000000000000000000000000050,13.1522,2026-03-12 21:43:59.329378,Normal
0x50106eafe947bfc12da73b11c2607dacc99405f932739c5a09eeeb24edba417e,0x000000000000000000000000000000000000001e,0x000000000000000000000000000000000000002e,25.5561,2026-03-12 21:57:59.329378,Normal
0x5a2e31a3c51db8a289a3549804a821de18ca7ac11ff988cfc0b457636c23224f,0x0000000000000000000000000000000000000041,0x0000000000000000000000000000000000000051,0.0422,2026-03-12 22:53:59.329378,Suspicious (Sybil/Consolidation)
0xf7e1e7ff8779e299c7d1e8d7a481c633acc6b8528904c01fbe5683812fb1ef57,0x000000000000000000000000000000000000001e,0x000000000000000000000000000000000000003e,44.7713,2026-03-12 23:01:59.329378,Normal
0xe802d4065a4c2f4ccf3c6795c41e84c996c1a42c12e4b6c5bcaf5d9ac095d8db,0x0000000000000000000000000000000000000032,0x0000000000000000000000000000000000000019,18.3287,2026-03-12 23:02:59.329378,Normal
0x6e15280ea315ccfdf5fb4fa5eebd3f6aeb37b54de6a06e4c5e70f4aea6246d62,0x000000000000000000000000000000000000003f,0x000000000000000000000000000000000000005a,49.869,2026-03-13 00:22:59.329378,Normal
0xeb2fa9b75b2bb0c796eda52eb00ae6fa436b0463a2dd690f19c09c50e4523dac,0x000000000000000000000000000000000000000e,0x000000000000000000000000000000000000005d,4.5568,2026-03-13 00:26:59.329378,Normal
0xcc95ac5306532441cf241c1563ba1f90c42bd3fd4c34616f4cf514816ab5b133,0x0000000000000000000000000000000000000018,0x0000000000000000000000000000000000000042,28.7826,2026-03-13 01:14:59.329378,Normal
0x2fd731bea3093d3fd4ea155a30d0af1dd723aba52461f2f912ff93c7317f23a3,0x0000000000000000000000000000000000000064,0x000000000000000000000000000000000000005d,0.9604,2026-03-13 01:29:59.329378,Normal
0xc1a1c4ef220b0482f546cb9de3f66425a889542599ce98f8aaf3d6b73ee48816,0x0000000000000000000000000000000000000059,0x0000000000000000000000000000000000000002,11.9926,2026-03-13 01:55:59.329378,Suspicious (Wash Trading)
0x25cf9e2ed9d9d0d1747fae680c0473b94572c6984b412e291f387de323dc0eaf,0x000000000000000000000000000000000000005b,0x0000000000000000000000000000000000000058,0.7314,2026-03-13 02:06:59.329378,Normal
0xc506ba1a3688e28fb867ecadf5fbf1591bc5068abc1055f940ea1cfb3859e200,0x0000000000000000000000000000000000000032,0x000000000000000000000000000000000000003e,40.5503,2026-03-13 02:23:59.329378,Normal
0x1292378cc0b4a17cb0542a9dfb6ac13dd8c81a6cea0bce8ee230908223c25060,0x0000000000000000000000000000000000000008,0x0000000000000000000000000000000000000011,28.5966,2026-03-13 03:35:59.329378,Normal
0x614c69f2392faf41868fdabd693730468f51c0bd067f1091f843da026ab2c701,0x000000000000000000000000000000000000000c,0x0000000000000000000000000000000000000058,32.8699,2026-03-13 03:39:59.329378,Normal
0xb16f4dadfbafed459b092a649c283f0627d292f669785b5c5775e57aa6b15cb6,0x0000000000000000000000000000000000000052,0x0000000000000000000000000000000000000027,1.077,2026-03-13 04:27:59.329378,Normal
0x9e13ed086d8039916d2097b29afd018ec166b8443f6101b42929168fc97a2afa,0x000000000000000000000000000000000000004b,0x0000000000000000000000000000000000000051,0.0207,2026-03-13 04:29:59.329378,Suspicious (Sybil/Consolidation)
0x5e0899fd1c8d813de0cab6144226970eee4e9297965a98606ea569f6c6adfca7,0x0000000000000000000000000000000000000064,0x000000000000000000000000000000000000004c,31.754,2026-03-13 04:38:59.329378,Normal
0x8207b54bb72e16061d367ed89cde3862fb0b67a4e3ad0bab8643bad8eb557a54,0x000000000000000000000000000000000000001a,0x0000000000000000000000000000000000000060,3.4569,2026-03-13 04:41:59.329378,Normal
0xbf2cee974834c3a490795876fb59c50c88b3a114519ea2564248716f9ce0279f,0x0000000000000000000000000000000000000026,0x0000000000000000000000000000000000000005,24.3845,2026-03-13 05:39:59.329378,Normal
0x83a04798f45f0ccea356aad61e412369316ae523a8bb0feade8cde0fea84af34,0x0000000000000000000000000000000000000033,0x0000000000000000000000000000000000000025,9.9075,2026-03-13 05:47:59.329378,Normal
0xc06c79c63aaaff46b36d03a509284c8d37a26a7a0214b13771977f50e178f821,0x000000000000000000000000000000000000003e,0x0000000000000000000000000000000000000005,19.6624,2026-03-13 06:57:59.329378,Normal
0x1aa16df85ab181cd50848247054736481ff6633b9de3a4d77977b321171cc9a8,0x000000000000000000000000000000000000000e,0x0000000000000000000000000000000000000044,22.3586,2026-03-13 07:00:59.329378,Normal
0xfcfe307267516b1266ef8b92e6a38643c9f94c159834310ea0f8da8d2b5ec772,0x0000000000000000000000000000000000000028,0x0000000000000000000000000000000000000027,18.283,2026-03-13 07:13:59.329378,Normal
0xdfd78c79524df2c1ba69c83fa25ea4d27ca1d579d4467afb24d971ad01697f88,0x0000000000000000000000000000000000000012,0x0000000000000000000000000000000000000022,44.1548,2026-03-13 07:13:59.329378,Normal
0x103374d839a14c560855f4928ffcb8627fd16aed5da7fc1b9c76e9f26089c68b,0x0000000000000000000000000000000000000001,0x0000000000000000000000000000000000000017,11.3697,2026-03-13 07:42:59.329378,Suspicious (Wash Trading)
0x85beaa5971ff686993e7ba3ca0820f341d8837a5a51b262abc1717eb95da3d43,0x0000000000000000000000000000000000000019,0x000000000000000000000000000000000000001d,10.524,2026-03-13 07:43:59.329378,Normal
0x9e9a119a68215ce810c01a428531faec92ecafdb2574dca4b48c739e547d85a1,0x0000000000000000000000000000000000000043,0x000000000000000000000000000000000000004c,48.2259,2026-03-13 07:52:59.329378,Normal
0xece43092aa50d24836b305db608e191bcde3d864eff5bd0d3b83db87c0600193,0x0000000000000000000000000000000000000035,0x0000000000000000000000000000000000000026,32.5593,2026-03-13 08:09:59.329378,Normal
0xb295eeb1963f42e778eaeba002e80c089deeb97fa3871e5d083a16d955062117,0x0000000000000000000000000000000000000046,0x000000000000000000000000000000000000000e,10.0437,2026-03-13 08:51:59.329378,Normal
0x63dc18043652300f35d335d68f74604c685eb62e46c479cba462d4fb92238239,0x0000000000000000000000000000000000000049,0x000000000000000000000000000000000000001d,16.55,2026-03-13 09:48:59.329378,Normal
0x1853503c18478fa42b0fdd80da7142072994a5cd2124b575c401ef5f94c65b69,0x0000000000000000000000000000000000000035,0x0000000000000000000000000000000000000064,18.2947,2026-03-13 10:17:59.329378,Normal
0x24df449d6d143d616e200514ccf594f581a563390a6869239be6f2fe226a7209,0x0000000000000000000000000000000000000059,0x0000000000000000000000000000000000000002,10.1059,2026-03-13 10:44:59.329378,Suspicious (Wash Trading)
0xb31bb890bd969d157287716042d940295d96153a6423b662c7fd1dfc0439aa19,0x000000000000000000000000000000000000001f,0x0000000000000000000000000000000000000042,26.4979,2026-03-13 10:54:59.329378,Normal
0x758c69de4babdef2518422c8038f78205e00898fddbb14c4774d3c9966b51ef5,0x000000000000000000000000000000000000001e,0x000000000000000000000000000000000000000d,25.2651,2026-03-13 11:17:59.329378,Normal
0xa67a3cb22aba53fce40db58901317ab47152f85ee361065ad6e12ac6c633eb4c,0x0000000000000000000000000000000000000048,0x000000000000000000000000000000000000003f,13.2562,2026-03-13 11:20:59.329378,Normal
0x84f8bb46bacc011207aa53dc8ace40ba3beb5bc8f2e72ab68e1f6e914fe6efb5,0x000000000000000000000000000000000000005d,0x0000000000000000000000000000000000000031,47.4739,2026-03-13 11:42:59.329378,Normal
0xb51b853f1ba9846a81f24b7ad94277b2baa36f282fee12691b8d3e568bc883c8,0x0000000000000000000000000000000000000017,0x0000000000000000000000000000000000000059,14.661,2026-03-13 11:46:59.329378,Suspicious (Wash Trading)
0x64a8297bc3e666de378ee550a1544ef1dc35a161c74caafb48833a39da154acf,0x000000000000000000000000000000000000002a,0x0000000000000000000000000000000000000035,22.689,2026-03-13 12:00:59.329378,Normal
0x05e970b4dc088bf0a3f30141a4cb500ae8589b8b04329f3cfb07fce8c245ed0c,0x0000000000000000000000000000000000000021,0x000000000000000000000000000000000000001c,8.4669,2026-03-13 12:31:59.329378,Normal
0x7f9caf3e775c5df2790121e6e3a2bc84d6091fa6e41c0c71827c92807f215194,0x0000000000000000000000000000000000000012,0x0000000000000000000000000000000000000058,5.3225,2026-03-13 12:34:59.329378,Normal
0xb4f87b480f1b983d8bb33aa4842160b1d0695e9f2ffdfffa26647c0da9193090,0x0000000000000000000000000000000000000002,0x0000000000000000000000000000000000000001,10.8049,2026-03-13 12:42:59.329378,Suspicious (Wash Trading)
0x1813c4dbae160cccc3150be47f45629f0a320d10637f306546d156a3b02d9e9e,0x0000000000000000000000000000000000000017,0x0000000000000000000000000000000000000059,13.3554,2026-03-13 13:03:59.329378,Suspicious (Wash Trading)
0x821c73f7ab68cfdc10c0ca5ea63bb4f69d11f9d51a2ae7c9424eed37c7df3014,0x0000000000000000000000000000000000000005,0x0000000000000000000000000000000000000032,2.5275,2026-03-13 13:36:59.329378,Normal
0x97888731671871365cfe4ff0327d328c00949d3c83373a7a01d655906e246c94,0x0000000000000000000000000000000000000011,0x000000000000000000000000000000000000003c,44.1949,2026-03-13 14:33:59.329378,Normal
0x53e26e9d61e43095dd42f075c2967ab4098cb476196770a5848e81fa092c03db,0x0000000000000000000000000000000000000010,0x000000000000000000000000000000000000005a,21.9775,2026-03-13 14:45:59.329378,Normal
0x237aec3b4a12120a4c76b1b471df499f75509e60189c7beaa153005eb0f287a2,0x0000000000000000000000000000000000000022,0x0000000000000000000000000000000000000031,33.7274,2026-03-13 15:26:59.329378,Normal
0xed4f0609a2bd4f570836b98dd29672a14816603f4edad5e895700c8f4d880514,0x0000000000000000000000000000000000000002,0x0000000000000000000000000000000000000001,13.8146,2026-03-13 16:30:59.329378,Suspicious (Wash Trading)
0x13ef0cc1a680787ae0b3b3ffcaef740cfc6e225586d4c8e7d8eb8d755f5a447e,0x0000000000000000000000000000000000000024,0x0000000000000000000000000000000000000014,24.4192,2026-03-13 17:02:59.329378,Normal
0xb7ecbca915685376266a3efd7778ae6c40a6862880a9b27248670f15a8e185d1,0x0000000000000000000000000000000000000001,0x0000000000000000000000000000000000000017,11.7527,2026-03-13 17:38:59.329378,Suspicious (Wash Trading)
0x87007b99a742566d7dec063702e0b9f9df1fde7dfe09b4254e1b7608b3c7a0a0,0x0000000000000000000000000000000000000051,0x0000000000000000000000000000000000000028,35.9862,2026-03-13 18:06:59.329378,Normal
0xdb7b79c06d2e786298088d51ded42824e144d1e50b1e82ae726a27636b1e0d1c,0x0000000000000000000000000000000000000010,0x0000000000000000000000000000000000000063,18.8758,2026-03-13 18:19:59.329378,Normal
0x6fe6730aa8d069fe95854c734c44a393b34871fe087347752d657014d6e6cc6f,0x0000000000000000000000000000000000000025,0x0000000000000000000000000000000000000004,17.0488,2026-03-13 19:06:59.329378,Normal
0x1811ae1d13fa4c44e24314054a90dcedf04d60b4ac43eb9ab3ac3ae491761f62,0x000000000000000000000000000000000000002a,0x0000000000000000000000000000000000000023,48.2468,2026-03-13 19:10:59.329378,Normal
0x613c4052c7472fe03adfceb41bf6dea0bbec2d4b299e1b0753a6868456935f82,0x000000000000000000000000000000000000000e,0x000000000000000000000000000000000000004d,24.9832,2026-03-13 19:47:59.329378,Normal
0x171ee844c3ab7bdcf8b551a055c325bbeda4c4737d488fc49885fa7e41e8f1be,0x000000000000000000000000000000000000000d,0x000000000000000000000000000000000000005f,41.7837,2026-03-13 20:03:59.329378,Normal
0x077792bce6391fb1e7018fb46a886d7f62ddcbd9651a89ee48296099e5ce3cf6,0x000000000000000000000000000000000000001f,0x000000000000000000000000000000000000004d,18.6976,2026-03-13 21:58:59.329378,Normal
0x49152cf0b02318313d61b115183209d9b553fcd8ce54dfac38f3aee22164a82d,0x0000000000000000000000000000000000000036,0x0000000000000000000000000000000000000059,17.7124,2026-03-13 22:24:59.329378,Normal
0xbb03b7ab459c1a8a87d3f0c9ec3e959e5dcc9ad8d04272b4e1c5f7f549de4aa8,0x000000000000000000000000000000000000004c,0x0000000000000000000000000000000000000058,15.6464,2026-03-13 22:28:59.329378,Normal
0x023523a9d7d23ee5016d3268b4af71906750f743350057e0c25fb152e6b77c05,0x0000000000000000000000000000000000000031,0x000000000000000000000000000000000000004f,16.7727,2026-03-13 23:42:59.329378,Normal
0x60423ab5ba9d1ac555717a80e4ff32f4d04584f8a47638f4f4d138c749368fdb,0x0000000000000000000000000000000000000003,0x000000000000000000000000000000000000005f,42.276,2026-03-14 00:11:59.329378,Normal
0x082e011ea16bd96144584476ca28c44151ae175e22ee1d1e24a57169c5127920,0x0000000000000000000000000000000000000003,0x000000000000000000000000000000000000004d,31.2613,2026-03-14 00:37:59.329378,Normal
0x5ba13040c6bef92f844d5b3c503bfefa677fc58666189a392cae063142a581fb,0x0000000000000000000000000000000000000012,0x0000000000000000000000000000000000000030,0.6486,2026-03-14 00:38:59.329378,Normal
0x908f552945645316390ed61c4d409ad3d6fee697ef6826466f60ca7afe21aab1,0x000000000000000000000000000000000000005f,0x000000000000000000000000000000000000004c,20.1479,2026-03-14 00:41:59.329378,Normal
0x3f32a8d24face1bdedf27be01855d9f5a34a971bc2fa77dc4468007a9ce4808a,0x000000000000000000000000000000000000005b,0x000000000000000000000000000000000000000d,42.6835,2026-03-14 01:07:59.329378,Normal
0xaf5fdb040bd2396fedf12ec24c2bf416407f764489f32807819cae5458b27d1d,0x0000000000000000000000000000000000000017,0x0000000000000000000000000000000000000059,13.4754,2026-03-14 01:27:59.329378,Suspicious (Wash Trading)
0x22a3dedf8ca9990bfb77f52350c7e9d01066b887a77ec27c8f893915f9dc933b,0x0000000000000000000000000000000000000002,0x0000000000000000000000000000000000000001,11.8514,2026-03-14 01:54:59.329378,Suspicious (Wash Trading)
0x7448cb3796851f96637066f4a863be8c28db47df3319622c40f64d45e3d49e0e,0x0000000000000000000000000000000000000001,0x0000000000000000000000000000000000000017,12.7889,2026-03-14 02:12:59.329378,Suspicious (Wash Trading)
0xfe0bf784c5384dcfb157278628903b37d22b47a511d08ae593061e8d0b9b76c4,0x0000000000000000000000000000000000000063,0x000000000000000000000000000000000000003c,19.8046,2026-03-14 02:23:59.329378,Normal
0x5ad78f83d3b91ab8330a3e752e5ad50bbaef2dbe87f0e4bc2072bbb49735f469,0x0000000000000000000000000000000000000056,0x000000000000000000000000000000000000005d,49.8102,2026-03-14 02:40:59.329378,Normal
0x4f170423500cb3b504ab4543907f410929bdaa7526bc01d31d3fd1af588ca478,0x0000000000000000000000000000000000000013,0x0000000000000000000000000000000000000024,26.8925,2026-03-14 02:56:59.329378,Normal
0xe0834ab230c0f66c024f3bed296d068f625a0be4575ec21d1aedaf3931ef4721,0x000000000000000000000000000000000000004d,0x0000000000000000000000000000000000000012,26.1259,2026-03-14 03:37:59.329378,Normal
0xbabdb4481563a9ae1a4be7701064a4cea0ef245764dafb274f1540c9b05b6f2e,0x000000000000000000000000000000000000003a,0x0000000000000000000000000000000000000004,38.2428,2026-03-14 03:39:59.329378,Normal
0xefc7bac1ddbce70286435f9dfbf92f8ae56a3dd3c5a44e044c9d28226eaf8c95,0x000000000000000000000000000000000000000a,0x0000000000000000000000000000000000000023,44.141,2026-03-14 04:08:59.329378,Normal
0x6c2413ff90104818ca2320a08eeecba24c3e0c26babc3b56ce16f043eaac6695,0x000000000000000000000000000000000000003f,0x000000000000000000000000000000000000001a,3.8365,2026-03-14 05:07:59.329378,Normal
0x4b276cda42829cb43aa05badf210953272c9d726359925528cd1b9e5b5646066,0x0000000000000000000000000000000000000019,0x0000000000000000000000000000000000000063,32.9845,2026-03-14 06:18:59.329378,Normal
0x5b24cd3c4d6d45637dfc6d7eebf2d5568d596094f1adbcdff8333d0ba360e406,0x0000000000000000000000000000000000000055,0x0000000000000000000000000000000000000062,35.74,2026-03-14 07:14:59.329378,Normal
0xc043a6d9036cf6a07594d36fe5c2ae1b93d4c82ccac9267566f857e3cb8f88c3,0x0000000000000000000000000000000000000024,0x000000000000000000000000000000000000004f,43.0697,2026-03-14 07:35:59.329378,Normal
0x39df05ab2a7acf6529977eb6c49b6dedb2db02d4443e8f78d126af2df14e87d4,0x000000000000000000000000000000000000005d,0x0000000000000000000000000000000000000031,35.9648,2026-03-14 07:48:59.329378,Normal
0x138ca6b156d665221401b46b28b5839fc5ff4044e875888233c01074d98a93b8,0x000000000000000000000000000000000000005d,0x0000000000000000000000000000000000000049,18.7275,2026-03-14 08:03:59.329378,Normal
0x9ca8a802790154e2898ba46b0a0a495d418abc3055920f2d1e5f3d12242d6752,0x0000000000000000000000000000000000000016,0x0000000000000000000000000000000000000040,17.8767,2026-03-14 09:20:59.329378,Normal
0xe9d5e0da7d9912bf46f531326e62e7321bb9541346fd1d3d7943c4346d756d07,0x0000000000000000000000000000000000000029,0x0000000000000000000000000000000000000018,39.2161,2026-03-14 11:21:59.329378,Normal
0x52ff17ef297eceef46cf5acb6e4898027aa0efd5d35115f592774589519aed65,0x0000000000000000000000000000000000000013,0x000000000000000000000000000000000000004e,35.8625,2026-03-14 12:22:59.329378,Normal
0x2a9650ca4e62175c06d76cea8679b03ab04b3ae8b82a77299b3823fb62cea25b,0x000000000000000000000000000000000000001a,0x0000000000000000000000000000000000000021,21.1527,2026-03-14 12:25:59.329378,Normal
0x00a0916bc0fd51e0aba7924652bcde69b2e9b9651f1a8f64271dcc48fd8d625e,0x000000000000000000000000000000000000002b,0x0000000000000000000000000000000000000058,38.9,2026-03-14 13:28:59.329378,Normal
0x1bd9f7c5a1918736e309839ae8b54b575a3eb3a5a7d5d5195fee6041e07dfb66,0x0000000000000000000000000000000000000046,0x0000000000000000000000000000000000000039,40.4588,2026-03-14 14:45:59.329378,Normal
0x95fefa921dcf7847090e50822f004b0e0165a17115859ffeb2f6e6d6650a1524,0x0000000000000000000000000000000000000058,0x0000000000000000000000000000000000000054,15.3481,2026-03-14 14:50:59.329378,Normal
0x84934720e0645e9419c0c0d0d48022a9b2b3e464f30e5c146d8a89cf9d47b461,0x000000000000000000000000000000000000000f,0x0000000000000000000000000000000000000015,48.0851,2026-03-14 15:37:59.329378,Normal
0xc0cbf46276d6e66f7cb8a1d0179a01f47fe3b7e021a93e8b643bc6d675e967a7,0x0000000000000000000000000000000000000020,0x000000000000000000000000000000000000002f,29.5947,2026-03-14 15:59:59.329378,Normal
0xe5401d27e67900243af7a9a613c4ee634eaf644cea229fc58f0948c64fffa6cd,0x0000000000000000000000000000000000000053,0x0000000000000000000000000000000000000032,43.5188,2026-03-14 16:04:59.329378,Normal
0xdfbbf491226e425d36ec28d9f7f177935912b42ca3b439a127ba8003f572dc17,0x0000000000000000000000000000000000000032,0x000000000000000000000000000000000000003a,46.0647,2026-03-14 16:28:59.329378,Normal
0x5bd73050045e51b2e46bfcaa84a6d06120506a62a0f57881bbd2305a77277175,0x0000000000000000000000000000000000000044,0x000000000000000000000000000000000000000e,2.3607,2026-03-14 18:03:59.329378,Normal
0x5dd19ec91f68689b1d2a15c97c70519b80d30c9bbc7fddaede7e666d3f9d9673,0x0000000000000000000000000000000000000004,0x0000000000000000000000000000000000000055,38.7674,2026-03-14 18:58:59.329378,Normal
0xf0dac56328eb7f3fa19be2d20ccfaa30af8c1a7b250bee27d498971fcde95b55,0x0000000000000000000000000000000000000024,0x000000000000000000000000000000000000001a,12.1044,2026-03-14 19:08:59.329378,Normal
0x935a708d31bdb9ffda4830465e80f31824b7b8d5018629200c58b1695dd7430a,0x0000000000000000000000000000000000000038,0x0000000000000000000000000000000000000023,18.0824,2026-03-14 19:17:59.329378,Normal
0x08691476c2e9f55e7a844841aaf9b34c4d3010d02d422587ec0016317f484230,0x000000000000000000000000000000000000001c,0x000000000000000000000000000000000000001e,6.1885,2026-03-14 19:30:59.329378,Normal
0x9ba103fc102ca519b83759f5fe25e40b766f3f0c009315fa67a61ec068194cf8,0x000000000000000000000000000000000000005e,0x0000000000000000000000000000000000000027,47.3454,2026-03-14 20:11:59.329378,Normal
0x2926daab97921f92f6ea50c52df39fa01345539d66e22b084d01e9cbcdb2b12e,0x0000000000000000000000000000000000000017,0x0000000000000000000000000000000000000059,11.3385,2026-03-14 20:12:59.329378,Suspicious (Wash Trading)
0x56391a558907b098c3b948568d675e48db31f4560374dcb9df9e7274b9f3b2a7,0x0000000000000000000000000000000000000027,0x0000000000000000000000000000000000000063,7.4039,2026-03-14 20:39:59.329378,Normal
0x5634c24cf4a42ffafb26bb9f38176df636d353cc44fda62af1cd7589b788fb6a,0x000000000000000000000000000000000000003a,0x000000000000000000000000000000000000001e,13.8758,2026-03-14 20:50:59.329378,Normal
0xa34b9d849ff71bc9727e482f852ee7c94ff8054431019c54fd9430fabac37c03,0x0000000000000000000000000000000000000031,0x0000000000000000000000000000000000000023,47.4566,2026-03-14 21:35:59.329378,Normal
0xf06bef5eeb6344043c3b8defa0eecce750845720f9f52aa803b6d30315ba4d5e,0x0000000000000000000000000000000000000049,0x0000000000000000000000000000000000000058,39.9955,2026-03-14 21:39:59.329378,Normal
0xbed63f00b81a222da3b8d0598af29883f3396599cdc6eb6fbedb434913cfe39a,0x0000000000000000000000000000000000000014,0x0000000000000000000000000000000000000045,42.1328,2026-03-14 22:03:59.329378,Normal
0x02ebda9cb2da5cb6a92cc38a59f5632f03a7976f1a3a5c71d60304570b9c6230,0x0000000000000000000000000000000000000064,0x000000000000000000000000000000000000000f,12.4899,2026-03-14 22:08:59.329378,Normal
0xc26d2579f1cd83798bff788c69b1189599ee34a74886c05679724a9811146321,0x000000000000000000000000000000000000004e,0x0000000000000000000000000000000000000006,13.481,2026-03-14 22:59:59.329378,Normal
0xaf3f55b8008442f0148a8c03ec04c52bc4037bb650f6124dfc32cf4680672b39,0x0000000000000000000000000000000000000026,0x000000000000000000000000000000000000004e,5.2958,2026-03-15 00:24:59.329378,Normal
0x8cd6d77ea912ac1cc384fd00d3a42615dbb91c8107d02061c062789f80b993be,0x000000000000000000000000000000000000003c,0x0000000000000000000000000000000000000010,24.2741,2026-03-15 00:44:59.329378,Normal
0x24bbe32f2c7bd782dc0d1ffcab689befbb5a8d65fef3d856c52963852b6ab530,0x000000000000000000000000000000000000003f,0x000000000000000000000000000000000000002c,46.0042,2026-03-15 01:24:59.329378,Normal
0xcd3c6357859457ebf509597ac38e442e80e11e202fc3b3d272f26b7f2b269e37,0x0000000000000000000000000000000000000029,0x0000000000000000000000000000000000000051,0.0224,2026-03-15 01:41:59.329378,Suspicious (Sybil/Consolidation)
0x484f3bbfcbaa2aecb82232029bd9f633e3c65bee15876076f62332267498a795,0x0000000000000000000000000000000000000011,0x0000000000000000000000000000000000000054,14.8463,2026-03-15 02:57:59.329378,Normal
0x5d27755258137ecb1fa3cd03aca535e1a160617b8feebbc2d244df85cf46f3b9,0x0000000000000000000000000000000000000029,0x0000000000000000000000000000000000000037,12.936,2026-03-15 03:01:59.329378,Normal
0x0e5141b0154a1eb26f4a750464707033336298c248e52ac1236477b9c501974a,0x0000000000000000000000000000000000000035,0x0000000000000000000000000000000000000055,20.8955,2026-03-15 03:03:59.329378,Normal
0x46658b98360b44b1339dd1187bf17b6b1e434d68f3935451f18af3ce9d539fa6,0x000000000000000000000000000000000000005e,0x0000000000000000000000000000000000000018,23.1972,2026-03-15 03:11:59.329378,Normal
0x5eb41b5fe1b32e45067c0121562390c32229198f74e0cdd47e10f850028761be,0x0000000000000000000000000000000000000048,0x000000000000000000000000000000000000001e,18.2544,2026-03-15 04:11:59.329378,Normal
0x373f629cf37fd958a09a10107179fe6bbbf93ff7942dd5283facc5cc7e5348ae,0x0000000000000000000000000000000000000010,0x0000000000000000000000000000000000000034,23.8548,2026-03-15 04:38:59.329378,Normal
0x050a017821bd252423b94f0ec4b4cbf89ae82ef490ec31a5ff920b5b1b4c1628,0x000000000000000000000000000000000000001d,0x000000000000000000000000000000000000001f,3.9739,2026-03-15 05:01:59.329378,Normal
0x37e099ac3cc9cebe9f4666bad3a81649572377deae85425a8233a74c20f2ca33,0x000000000000000000000000000000000000001b,0x0000000000000000000000000000000000000018,18.3952,2026-03-15 05:02:59.329378,Normal
0x1bbd0a097fda0bbffe8611f5d4599bd93d48dc505b3fbaffeeb043200584774d,0x000000000000000000000000000000000000004f,0x0000000000000000000000000000000000000025,24.7961,2026-03-15 05:08:59.329378,Normal
0x04f44e1c0054af3fb32a622cb94b75ce5e9ab868737751fd6da980f839099495,0x0000000000000000000000000000000000000017,0x000000000000000000000000000000000000002e,27.8246,2026-03-15 05:18:59.329378,Normal
0x3c47f72cb7c6d892a3d2175ed691275e28c7e8f89ec503c4c2dcd12ca834f0d2,0x0000000000000000000000000000000000000029,0x000000000000000000000000000000000000005e,13.218,2026-03-15 05:49:59.329378,Normal
0x9b866e0c2fb4424e48a716ab0eace0af00062ca93959a2de5dd3a15ca2d40fbd,0x0000000000000000000000000000000000000057,0x0000000000000000000000000000000000000015,3.1345,2026-03-15 06:03:59.329378,Normal
0xb61fae0869cecd65d31fd0330938ecab28a052db7163064af83e104bd1e48be9,0x0000000000000000000000000000000000000014,0x0000000000000000000000000000000000000007,11.386,2026-03-15 06:21:59.329378,Normal
0x3d9b38813c1fa3ca23d48ce662260416d03cb2993c3c0e2d63c9cc35ba510319,0x0000000000000000000000000000000000000011,0x0000000000000000000000000000000000000012,47.0613,2026-03-15 06:32:59.329378,Normal
0x7d8da1eb83179da860e7560939844a153b51e66c57eaca55be5430a544289861,0x000000000000000000000000000000000000005c,0x000000000000000000000000000000000000000e,19.5745,2026-03-15 06:38:59.329378,Normal
0x80ba56fccd8b3b733697869d30c48882d0f051c78eb8c1a975cbd8713ed3038d,0x000000000000000000000000000000000000002b,0x000000000000000000000000000000000000005c,15.0761,2026-03-15 07:12:59.329378,Normal
0x87fd48357ede0a682cf8c336b8b491a602aa0a7d2d83cccff32c9e08dba63457,0x000000000000000000000000000000000000000c,0x0000000000000000000000000000000000000064,40.5221,2026-03-15 07:16:59.329378,Normal
0xcdd05e5b2d9f2045e2306be988cbc4e3c48269575499d7f88135140e2d1424dc,0x000000000000000000000000000000000000005c,0x0000000000000000000000000000000000000063,37.4266,2026-03-15 07:22:59.329378,Normal
0x9410eb5542d174f31a92aed12f0f146b321f09ac6b9be6c438bb3899a91c4411,0x000000000000000000000000000000000000000d,0x0000000000000000000000000000000000000055,2.5648,2026-03-15 07:46:59.329378,Normal
0x17b764c8cf9cce2a01fbefc7ad5f9b85745564d7b9a510de00e3be888117ee7f,0x0000000000000000000000000000000000000051,0x0000000000000000000000000000000000000040,48.2801,2026-03-15 08:17:59.329378,Normal
0x148a0d15632a72f30f76fc16d7a221a1ab5d73d99792d9f9de9489c056b3d122,0x0000000000000000000000000000000000000024,0x0000000000000000000000000000000000000048,44.7741,2026-03-15 08:24:59.329378,Normal
0x3d2e4a4af5db6552f15c0a3f58ffe9764d6b1baa6594feb5324068c28090715a,0x0000000000000000000000000000000000000060,0x000000000000000000000000000000000000002f,43.4049,2026-03-15 09:15:59.329378,Normal
0x38a771ca129af864344ef6096e1db2882a373304d87be0f287cba9003b8f990e,0x0000000000000000000000000000000000000012,0x000000000000000000000000000000000000000e,24.713,2026-03-15 09:18:59.329378,Normal
0x2c175a5cfe147fcf9ffd2f1fdf016380e58d0b8b5dc68930120ee9d3fc7e8dcb,0x0000000000000000000000000000000000000041,0x0000000000000000000000000000000000000021,34.4576,2026-03-15 10:03:59.329378,Normal
0x988409a5cce55b61a02704501c845f344ac3d793419ec7f1e892a4dcbd238cf9,0x000000000000000000000000000000000000000d,0x000000000000000000000000000000000000000a,37.9862,2026-03-15 10:23:59.329378,Normal
0x3169f76c06b01525fa7e89fa40542e4d148f21ef437cde65b1c0c9b841affc74,0x000000000000000000000000000000000000003a,0x000000000000000000000000000000000000003e,49.2575,2026-03-15 11:04:59.329378,Normal
0x63238ffc3c79cc3c012324953b2048537795ac35d40f95c480a78025578d689b,0x0000000000000000000000000000000000000001,0x0000000000000000000000000000000000000028,3.7677,2026-03-15 11:38:59.329378,Normal
0x796b64af9ea01e881d7639089579add77035e13aa5584fbe5b11656dfe964e27,0x0000000000000000000000000000000000000064,0x0000000000000000000000000000000000000032,24.3044,2026-03-15 12:07:59.329378,Normal
0x7b5190830b120233abd3cb0d4d79a0822add70984f0a0c267ba9c0df56cd87e1,0x0000000000000000000000000000000000000007,0x000000000000000000000000000000000000004f,10.586,2026-03-15 13:48:59.329378,Normal
0x00b47fa7bc8e4918c16f1d850c5a14544d6216f8fee91dc60feff86d7c75048d,0x0000000000000000000000000000000000000037,0x000000000000000000000000000000000000005e,11.0131,2026-03-15 14:47:59.329378,Normal
0xfe4d940a00c3515155407288ef50f355e7dbb72e98a1e0600e69c62b10fa6f4a,0x000000000000000000000000000000000000004a,0x0000000000000000000000000000000000000051,7.0905,2026-03-15 15:01:59.329378,Normal
0x314bb45f793d45f7116b52c17e6451bc011a9127e870c677679c2f4445eab909,0x0000000000000000000000000000000000000002,0x0000000000000000000000000000000000000001,13.0379,2026-03-15 15:52:59.329378,Suspicious (Wash Trading)
0x3ffefeb56cff8c4e24e76dbd099bf82200c1c5519d722363c397af024f5cf736,0x0000000000000000000000000000000000000052,0x000000000000000000000000000000000000003a,10.4199,2026-03-15 16:14:59.329378,Normal
0xed81ebdcf031422853e3191d9fad13364caab2b60bff65c2876b78ff9ddc262e,0x0000000000000000000000000000000000000053,0x000000000000000000000000000000000000001e,47.9808,2026-03-15 17:07:59.329378,Normal
0x40749f3d50b9a168e2b6de60721a8fda19d4919bfcb190fd9bdcbed559171625,0x000000000000000000000000000000000000003d,0x000000000000000000000000000000000000000b,41.7996,2026-03-15 17:46:59.329378,Normal
0x7a7b440453862d78a7e2718a6ab8a26b5da76e9cbccfd63a056f478bd9b2a949,0x000000000000000000000000000000000000003c,0x0000000000000000000000000000000000000023,15.5989,2026-03-15 17:48:59.329378,Normal
0xdd79999186f66be2fd7ff364029853ec97f026db32883b100c5c9e6589e9b8a4,0x000000000000000000000000000000000000003f,0x0000000000000000000000000000000000000030,18.2272,2026-03-15 17:58:59.329378,Normal
0xb79c9622c8d3edf9615e2b7d890da60050e95c0a53ec128d566bbe34aafb63b1,0x000000000000000000000000000000000000004b,0x0000000000000000000000000000000000000030,6.3014,2026-03-15 18:07:59.329378,Normal
0xc839234a819c09e5d9ee42c6cb5d558a85bc45e6fa4c4adfbfa44518302466f8,0x000000000000000000000000000000000000003f,0x000000000000000000000000000000000000000f,9.8201,2026-03-15 18:24:59.329378,Normal
0xed2043619a4482722a2189264b642795898880b163672e16bc225d834ace9267,0x000000000000000000000000000000000000004f,0x0000000000000000000000000000000000000049,17.6942,2026-03-15 18:26:59.329378,Normal
0x13d73d9107aef86a87f686504f74ac109e0728f118f7ee430f0f51a0b53ee8b2,0x000000000000000000000000000000000000001d,0x0000000000000000000000000000000000000035,39.7488,2026-03-15 18:27:59.329378,Normal
0xe4aa101dd4469203045c3efbc9418b3dcb796d3ac98363f926affe21edd102d4,0x0000000000000000000000000000000000000059,0x0000000000000000000000000000000000000002,13.5933,2026-03-15 18:45:59.329378,Suspicious (Wash Trading)
0x690754719eac34cbd52423fd4a9d618d7fd8d6517615ba5871bb2232eaa3ea69,0x0000000000000000000000000000000000000017,0x000000000000000000000000000000000000004b,35.3105,2026-03-15 19:05:59.329378,Normal
0xd14d2ea3a9ba1c6e411e9b116029b92eb027b3177744e470ee74ebcd697faaf7,0x0000000000000000000000000000000000000017,0x000000000000000000000000000000000000005a,44.4486,2026-03-15 19:23:59.329378,Normal
0x2b16c7d17784b83715e3bed3db82afedfe3302400391ed95be6bd8aa03f371b6,0x000000000000000000000000000000000000004c,0x0000000000000000000000000000000000000051,0.0197,2026-03-15 20:11:59.329378,Suspicious (Sybil/Consolidation)
0xa66bedab1846fde8755fdceb4b786fcf8ddac8917a17662477213284b5f897ea,0x0000000000000000000000000000000000000045,0x000000000000000000000000000000000000005c,43.9046,2026-03-15 20:19:59.329378,Normal
0x791e9b3044dcc1f7689d2a7312133b60d066d59d4747a4dde15fa31ca3880b0d,0x0000000000000000000000000000000000000022,0x000000000000000000000000000000000000004a,24.751,2026-03-15 20:30:59.329378,Normal
0xcb1ae1c53851df5ba5a528e8323c26188a952c89c1523be55e7d443cdf50d6f0,0x0000000000000000000000000000000000000014,0x000000000000000000000000000000000000001f,18.186,2026-03-15 21:11:59.329378,Normal
0xd88bdde0c30b648def78f2585e87e9f2ca1edc2d97bb85683bf74f5ad4cbf7e1,0x0000000000000000000000000000000000000048,0x0000000000000000000000000000000000000047,42.1365,2026-03-15 21:36:59.329378,Normal
0x5b94d4e389904d0bdf50b1c79ecb7fb99aa25912bdc8e27e9e9a80e8a0c7b513,0x0000000000000000000000000000000000000039,0x0000000000000000000000000000000000000032,37.7374,2026-03-15 21:56:59.329378,Normal
0x3188b286c95bd00b6d3ee19f1985e610ac131e39222483a2ff9cb26267ae5636,0x0000000000000000000000000000000000000019,0x0000000000000000000000000000000000000039,13.6259,2026-03-15 22:14:59.329378,Normal
0xc2ca8aeded0265324eab8ecbb86d870ab9cac50d52d956e6f66222f0a8aa1472,0x000000000000000000000000000000000000005d,0x000000000000000000000000000000000000002c,1.4421,2026-03-15 22:16:59.329378,Normal
0x787ce0742426e3f84e73f1988bebb19ea5a41612b0e6f3ef2a58d5950d721314,0x000000000000000000000000000000000000003c,0x0000000000000000000000000000000000000051,0.0176,2026-03-15 22:19:59.329378,Suspicious (Sybil/Consolidation)
0x3e69b72657915cabdbb93a546d5494485ee37be6d6baaedc45fe358ceccc3549,0x000000000000000000000000000000000000003b,0x0000000000000000000000000000000000000006,16.7794,2026-03-15 23:20:59.329378,Normal
0x522ce42524ba7c38336a38fdcbb9c91c31b3a831660d2b0b6bd11e96b572efbd,0x000000000000000000000000000000000000004d,0x0000000000000000000000000000000000000007,8.1896,2026-03-15 23:33:59.329378,Normal
0xf0cdeeba8d4f0ea71aefc4c242e35cc0a7eb0a80b73b4c0c09a85bf0cabc5575,0x0000000000000000000000000000000000000035,0x000000000000000000000000000000000000003f,28.3806,2026-03-15 23:36:59.329378,Normal
0x804067387f9602be58aeb3a0e4989f8c045e4a4d5dbb40e43cb8f9d6e7e42f21,0x0000000000000000000000000000000000000059,0x0000000000000000000000000000000000000002,10.5598,2026-03-15 23:37:59.329378,Suspicious (Wash Trading)
0x023c8920db91b74ebff2e1e28f001bf0c3c4e374c12c05063bf101cd894bdf9b,0x0000000000000000000000000000000000000021,0x0000000000000000000000000000000000000023,18.38,2026-03-15 23:59:59.329378,Normal
0x0658dfd155acb0459d3a4272cbedbe247653509fb84ce8525e953bbbecc42685,0x0000000000000000000000000000000000000004,0x000000000000000000000000000000000000001a,13.7135,2026-03-16 00:03:59.329378,Normal
0xbfc11693050d7da04940e7b78c81e06bd8e3fe1ab3036537e19f92a3d2b531b6,0x0000000000000000000000000000000000000017,0x0000000000000000000000000000000000000059,10.0073,2026-03-16 00:05:59.329378,Suspicious (Wash Trading)
0x4ae59c291f664b7f1f32417230cfc30dc27d5211d2bbceab6c4b6e5379961d56,0x0000000000000000000000000000000000000023,0x000000000000000000000000000000000000002b,12.7942,2026-03-16 00:50:59.329378,Normal
0x801b598b146ba57d12463502c534c864baf70c65ea3af37acb88bd7d93a7b3f4,0x000000000000000000000000000000000000000f,0x0000000000000000000000000000000000000020,30.7853,2026-03-16 00:54:59.329378,Normal
0x5db0ec31007d53597d609aa8fa43ce45d3797e8704402d58eb44b0dae4b46630,0x0000000000000000000000000000000000000040,0x0000000000000000000000000000000000000060,20.7438,2026-03-16 02:00:59.329378,Normal
0xe8ddad757d4b5d1a2de2797c652b632a5e0a6c4fa4bf4103a2b62c09e3996824,0x000000000000000000000000000000000000004e,0x000000000000000000000000000000000000001b,38.3426,2026-03-16 02:21:59.329378,Normal
0xaf340099f2cf1253a06348a38bb6ec0fea0a0ef050e011098861845e02e4333d,0x000000000000000000000000000000000000002a,0x0000000000000000000000000000000000000022,37.7403,2026-03-16 03:52:59.329378,Normal
0x4c26e8dcc7b46fa1787bed9ca1594effcf52a4eac57acd3a8e5703f97a18e1f9,0x0000000000000000000000000000000000000018,0x000000000000000000000000000000000000003e,31.1775,2026-03-16 04:07:59.329378,Normal
0xd1d528c8e4087fc2744a995ab10fac3fc45929bcf630ba30d23a2357c4e217f3,0x000000000000000000000000000000000000005d,0x0000000000000000000000000000000000000051,0.0476,2026-03-16 05:20:59.329378,Suspicious (Sybil/Consolidation)
0x75351267bd101dacbc047f75dca5a84d40ab2f1d091d0b2450cf6d92b32ea4ed,0x000000000000000000000000000000000000004c,0x000000000000000000000000000000000000000e,42.1114,2026-03-16 05:21:59.329378,Normal
0x909fb82b143ccf4d78225fe98b37ad070a343ce7b625b5d4885de5e6f7ba93d4,0x0000000000000000000000000000000000000019,0x0000000000000000000000000000000000000008,28.7387,2026-03-16 05:33:59.329378,Normal
0x693cb1c6cd0cbb938cb3bd5ee88141eaf7b9f8b495cc81180c48262d6753e230,0x000000000000000000000000000000000000005c,0x0000000000000000000000000000000000000014,36.3831,2026-03-16 05:56:59.329378,Normal
0x649b9708285cebc24557069626a78cf5bdda85f358f5e7a28f7b99a22f661ae7,0x0000000000000000000000000000000000000025,0x0000000000000000000000000000000000000005,25.6767,2026-03-16 06:38:59.329378,Normal
0x9b0bf43a2d7e438d250572b6a995139d8a8613d177e7f914bb030d56e91eb2e6,0x0000000000000000000000000000000000000001,0x0000000000000000000000000000000000000017,14.5136,2026-03-16 07:03:59.329378,Suspicious (Wash Trading)
0xead7683fa5aab494e21e8bd849c5800c78d4c3dffa308d59f1f3a29884e613db,0x000000000000000000000000000000000000002a,0x0000000000000000000000000000000000000005,48.814,2026-03-16 07:25:59.329378,Normal
0x5106992bdbcbac178d0f92109f3997151b25565eb1fd7a7d5514b38de865270d,0x0000000000000000000000000000000000000014,0x0000000000000000000000000000000000000062,47.3764,2026-03-16 07:41:59.329378,Normal
0xa1040e1ddfb1228c81e44c1888cc4a497b022a5373ba46b4c695615ccf0e68c6,0x000000000000000000000000000000000000005a,0x000000000000000000000000000000000000000c,32.7814,2026-03-16 07:44:59.329378,Normal
0x940193991e2add08b9a706ec775a0ff9d5fcdfc02f10b6ffab0a67d486e6fc13,0x0000000000000000000000000000000000000025,0x0000000000000000000000000000000000000036,10.0896,2026-03-16 07:49:59.329378,Normal
0x72c96bdbb54124c4ba6ba73005cbddab72e05cd8d33e35920cb0d0c09ecda30d,0x000000000000000000000000000000000000005b,0x000000000000000000000000000000000000001d,3.2301,2026-03-16 08:28:59.329378,Normal
0x7495457d10ae9c40fa020a4454bf885b28ec5d417f9edf20daff09cf47544c54,0x000000000000000000000000000000000000004f,0x0000000000000000000000000000000000000053,12.2638,2026-03-16 08:53:59.329378,Normal
0x1fabd29c0e28d58f472cd9df02fe585bc2ef61b17e8379104e115129c8f19c9c,0x0000000000000000000000000000000000000011,0x0000000000000000000000000000000000000034,47.9297,2026-03-16 09:53:59.329378,Normal
0x2f63c04e34d3b2381549af0711e3339dfcc5ff2c58633803333d8cef89e7aed2,0x0000000000000000000000000000000000000013,0x000000000000000000000000000000000000004b,8.5967,2026-03-16 10:06:59.329378,Normal
0x9e3ec2bcee2611d548eff53a9131d59ec1cf5c3d5efd3271f4cec37f0e0ba958,0x0000000000000000000000000000000000000057,0x0000000000000000000000000000000000000008,14.314,2026-03-16 10:26:59.329378,Normal
0x4a69419529b859c6acf9977b3e50214ca430ad4c37fd4e1c147622bbb253f060,0x0000000000000000000000000000000000000008,0x0000000000000000000000000000000000000025,21.8141,2026-03-16 10:45:59.329378,Normal
0xf676376cc09f81479b029989c01e38c78c03bd8a743e8b3b42af2f83c4b9ea14,0x0000000000000000000000000000000000000044,0x0000000000000000000000000000000000000035,45.8634,2026-03-16 10:59:59.329378,Normal
0xa701fd95d02a9126fd7b9454587ff4a86bc2a44174f8ecfaaf40c036f7a1a773,0x0000000000000000000000000000000000000022,0x0000000000000000000000000000000000000008,31.4811,2026-03-16 11:13:59.329378,Normal
0x247113ed793c732a40c0b3f6c7adbcdc683ed912e3a5aa14afe4cc078bd33192,0x0000000000000000000000000000000000000021,0x0000000000000000000000000000000000000040,48.1964,2026-03-16 11:26:59.329378,Normal
0xc90f8060eee726bc14469017b3dfed45606449cea27e9a3b2aa90d20f9abb548,0x0000000000000000000000000000000000000015,0x000000000000000000000000000000000000002c,49.6025,2026-03-16 11:38:59.329378,Normal
0xba4efb71623c6150912b4e1d4879481b38d307d817d876ee1c594d25ec78a2a9,0x000000000000000000000000000000000000000f,0x0000000000000000000000000000000000000017,37.5082,2026-03-16 11:43:59.329378,Normal
0x6f46d5b5247c58c41ee1516b1583e075a4330d1f4bf4eacdc9dcce02ad538553,0x0000000000000000000000000000000000000002,0x0000000000000000000000000000000000000064,19.3285,2026-03-16 11:58:59.329378,Normal
0x5cb82da422b08339db2213b6b301179065120eaf4ff34abba544009682e10321,0x000000000000000000000000000000000000001b,0x0000000000000000000000000000000000000009,4.634,2026-03-16 12:02:59.329378,Normal
0x6ec5d9a03c616cba50eeded46eead1c255c331e75dfe8b62b3e5e0a0485abba3,0x0000000000000000000000000000000000000059,0x0000000000000000000000000000000000000002,10.1056,2026-03-16 12:12:59.329378,Suspicious (Wash Trading)
0x5a470b5bb2fbe72d4763e7420e1d9d61bed1baa0152b32515065e73798aabafb,0x000000000000000000000000000000000000004c,0x0000000000000000000000000000000000000011,33.4333,2026-03-16 12:16:59.329378,Normal
0x87008993ed4357298494274c2e1b6990a8c22d55b5a5e37d533d3d4ffee88146,0x000000000000000000000000000000000000001c,0x000000000000000000000000000000000000001e,26.665,2026-03-16 12:21:59.329378,Normal
0x4986135679805ca712b0c7797df569b8628a86c21c92052d7fd9a82796b2f6ac,0x0000000000000000000000000000000000000039,0x000000000000000000000000000000000000004b,20.3388,2026-03-16 12:54:59.329378,Normal
0x2528d1e8549d2282626f0d853998b83b7346f9821c01fb98734aa2c43388be40,0x000000000000000000000000000000000000003f,0x0000000000000000000000000000000000000043,1.6486,2026-03-16 13:02:59.329378,Normal
0x9e391b0cdcd82733b7d10a36042047d7610c13681d99987c17f93e86a8234edb,0x000000000000000000000000000000000000005d,0x0000000000000000000000000000000000000030,37.1674,2026-03-16 13:02:59.329378,Normal
0xc23695541590a54e85c0f6ce0e86fd854c493793dbbb244bec06841723e95b98,0x000000000000000000000000000000000000002d,0x0000000000000000000000000000000000000035,14.5271,2026-03-16 13:20:59.329378,Normal
0x5fd69eac57ae01796482625da786dcd38189181db99a033d98c71fb4cffdec9f,0x000000000000000000000000000000000000003e,0x0000000000000000000000000000000000000039,10.1398,2026-03-16 13:43:59.329378,Normal
0x4735b6f023ff1547f488830b0c22290387af6a3079e9455d7fa70e0994351dec,0x0000000000000000000000000000000000000025,0x000000000000000000000000000000000000003e,22.6046,2026-03-16 13:46:59.329378,Normal
0x87e1ccd6438444b6fd0f279af6a8e8caeb7ba406bac66a175360fa05016fa1c1,0x000000000000000000000000000000000000005f,0x0000000000000000000000000000000000000051,0.0106,2026-03-16 14:05:59.329378,Suspicious (Sybil/Consolidation)
0xdd8864eaa16661f520ab2fd0ea95e832288af70787b216db522492a16dc4afa5,0x0000000000000000000000000000000000000001,0x000000000000000000000000000000000000003f,18.799,2026-03-16 14:22:59.329378,Normal
0xef4ec9f5006188551416961815a0364526cd052fafe30c41a13514c9cb80ee22,0x0000000000000000000000000000000000000050,0x0000000000000000000000000000000000000016,33.8642,2026-03-16 14:37:59.329378,Normal
0x54511da4e164d16440164cdb143367d3ca7b4a928ef1bab154532689670c5dd6,0x000000000000000000000000000000000000002c,0x0000000000000000000000000000000000000050,29.7412,2026-03-16 14:42:59.329378,Normal
0x0958aaa65cc5558840802bf0c5ce71acec7ecf641cd3aa03c95c10d02c26bbba,0x0000000000000000000000000000000000000041,0x000000000000000000000000000000000000000c,14.5869,2026-03-16 15:09:59.329378,Normal
0x9069a4fff9048c5ad5996cfb2104de01ce05408feed5e7adc9ba42f965ffad03,0x000000000000000000000000000000000000003b,0x0000000000000000000000000000000000000052,31.82,2026-03-16 15:30:59.329378,Normal
0xb5382ed4badb2bccaf9bf0096dfdccad68d9c62a103fc99c9040453afd0431b3,0x0000000000000000000000000000000000000003,0x000000000000000000000000000000000000005a,1.8495,2026-03-16 15:43:59.329378,Normal
0x1fc3da2b4cdc81a391e4be22d13c2dce37cfdc1ffa0d52bbd2e3e880cfa5f5d9,0x000000000000000000000000000000000000004f,0x0000000000000000000000000000000000000006,18.4179,2026-03-16 16:24:59.329378,Normal
0xf053bd3242dcd0e08b81fdfa9433f8b6e00e61f87f49ab465c68a7468daea487,0x000000000000000000000000000000000000002a,0x0000000000000000000000000000000000000033,31.2927,2026-03-16 16:57:59.329378,Normal
0xd891f5ce2db7d201caef31d7034da23db0c8bbddb3611d50ad71df6bcdefa311,0x0000000000000000000000000000000000000013,0x000000000000000000000000000000000000001b,10.0375,2026-03-16 17:01:59.329378,Normal
0xfb9d319013e28833782e4cc2ef1af37b0fcb40efe3df074347ffa2e75e0b9626,0x0000000000000000000000000000000000000032,0x0000000000000000000000000000000000000021,42.368,2026-03-16 17:08:59.329378,Normal
0x3532865241d05a2b5267c8d3063574b1547299f718aa8a37da3cbce03fe42238,0x0000000000000000000000000000000000000014,0x000000000000000000000000000000000000000e,36.8269,2026-03-16 19:01:59.329378,Normal
0xff6173f0d7cb1f191fdfb01a0b4d7a7208991caaa2a4ac11e02d7885c89c3d41,0x0000000000000000000000000000000000000059,0x0000000000000000000000000000000000000002,12.5726,2026-03-16 19:54:59.329378,Suspicious (Wash Trading)
0x1cdbc6d1a5e48d30d1a247360fc48b9a7e1c907c08780f4c55701848d1313fc9,0x0000000000000000000000000000000000000005,0x0000000000000000000000000000000000000027,12.9264,2026-03-16 20:17:59.329378,Normal
0x448363c50c9ddd5952c2fd0b5dc8c8e051bbc99d2ba7ab1e9aadeab8614c3c28,0x000000000000000000000000000000000000003f,0x0000000000000000000000000000000000000061,11.4713,2026-03-16 20:21:59.329378,Normal
0x13e17b7f0000dd08742fa7d8f5ce00e7e6779190d54b6dddc52665702697e029,0x0000000000000000000000000000000000000063,0x0000000000000000000000000000000000000044,23.2017,2026-03-16 20:38:59.329378,Normal
0x88a39813af60536a73954ccdc53696e388018d09afb7d13d3220fa8d9e7446c9,0x0000000000000000000000000000000000000025,0x0000000000000000000000000000000000000047,36.6881,2026-03-16 20:38:59.329378,Normal
0xe7d42128195d7afeb9ae616bc15d1e0f86427c2025ccdd61317aaebc54fe2d7c,0x0000000000000000000000000000000000000045,0x000000000000000000000000000000000000001b,44.2561,2026-03-16 20:42:59.329378,Normal
0x4bcdab6034505a84138f15284a31efcefe91279e7157112e83df5faddd27bf57,0x0000000000000000000000000000000000000034,0x0000000000000000000000000000000000000032,38.3824,2026-03-16 21:12:59.329378,Normal
0x664767eeeea803c3a1c1d7aff98e490981933f0ccc0bd4fc338efb8d93d3147f,0x0000000000000000000000000000000000000039,0x0000000000000000000000000000000000000028,1.4438,2026-03-16 21:12:59.329378,Normal
0x640be04e8d6596c32ad7e87f44267251d7d5b1f5a73ca04a092eaae3e99a37e7,0x0000000000000000000000000000000000000051,0x0000000000000000000000000000000000000007,19.0749,2026-03-16 21:14:59.329378,Normal
0xb9bc260905222c997f8540b224ea61c186d9f49f2a5745761a93a8792f12970a,0x000000000000000000000000000000000000000b,0x0000000000000000000000000000000000000058,43.0483,2026-03-16 21:57:59.329378,Normal
0x6498d6a6e9890b6a6f49ea2093575abe2e8b3555999f0d781bbcf7646ad8849c,0x0000000000000000000000000000000000000018,0x0000000000000000000000000000000000000016,28.7361,2026-03-16 22:12:59.329378,Normal
0x480eb22c2edfdf911893d5e0049f3ee032111c58ed9a0cfdeef34852311c672b,0x0000000000000000000000000000000000000018,0x0000000000000000000000000000000000000014,26.7987,2026-03-16 22:30:59.329378,Normal
0x9f25f698bb497da46ce01dd8b58c9f204b8fcd1cbcd84b3882814c6f55d23673,0x0000000000000000000000000000000000000040,0x0000000000000000000000000000000000000045,35.578,2026-03-16 23:02:59.329378,Normal
0xa9d874b5594413d4f5af867fdb05286ff11ee7b27a8834083d4b1b816ba218cc,0x0000000000000000000000000000000000000004,0x000000000000000000000000000000000000002d,10.4342,2026-03-16 23:33:59.329378,Normal
0x5b03cf7760d2fd620e44f1bc3ad46a6ac15866125bd2f2071eae997f7d040fe8,0x0000000000000000000000000000000000000062,0x000000000000000000000000000000000000005e,36.3209,2026-03-17 00:39:59.329378,Normal
0x2aab48c52c8dc4d29d7a214214e8d7cf4e54a2810b2efa05b5c4222931969a14,0x0000000000000000000000000000000000000026,0x0000000000000000000000000000000000000039,22.2678,2026-03-17 00:40:59.329378,Normal
0x68cfa197a27579a0189ebf1cda270b25a11a0769d74f1df4f990a6b402fcccac,0x0000000000000000000000000000000000000036,0x0000000000000000000000000000000000000031,25.5848,2026-03-17 00:50:59.329378,Normal
0x004a42af74516c086e1345691fa50deab5d989aff77570ddb27b4575d85ba90e,0x0000000000000000000000000000000000000048,0x0000000000000000000000000000000000000050,5.8828,2026-03-17 01:05:59.329378,Normal
0xa5c5c83ff888711c2fddaf5e748ee1b9f5d1fb0562839018994550b346ee23ed,0x0000000000000000000000000000000000000030,0x000000000000000000000000000000000000004c,0.5112,2026-03-17 01:59:59.329378,Normal
0xcf86573e5cb8042232eee981ba2bc434d0f34c2b84a8654c063f44f7889fd968,0x0000000000000000000000000000000000000046,0x000000000000000000000000000000000000003b,35.7751,2026-03-17 02:01:59.329378,Normal
0xe7e089cb9035f51bb80103aa2cda814e7f46ab1d8e770f4a04ef8f68de085907,0x0000000000000000000000000000000000000063,0x0000000000000000000000000000000000000051,0.0132,2026-03-17 02:32:59.329378,Suspicious (Sybil/Consolidation)
0x42889fe6e0c549e212306e045de8838fdf9a93114780fac09e63133d39bf3fe9,0x0000000000000000000000000000000000000061,0x000000000000000000000000000000000000000b,26.0581,2026-03-17 03:29:59.329378,Normal
0x49da27e8d26f03a15c036b8ea0d731dfff647ad4fcf931bed2768c1ee8dace52,0x0000000000000000000000000000000000000059,0x0000000000000000000000000000000000000002,12.642,2026-03-17 04:06:59.329378,Suspicious (Wash Trading)
0x9d83cc4d019501c837690ffeefd2692852ff398e6b47b15e0891fb4e40187c2e,0x0000000000000000000000000000000000000042,0x0000000000000000000000000000000000000033,7.2799,2026-03-17 05:09:59.329378,Normal
0x06c2df80291521de2e4cae3458bb97e8750428be40f18997f375458d964a1663,0x0000000000000000000000000000000000000017,0x0000000000000000000000000000000000000059,14.661,2026-03-17 05:10:59.329378,Suspicious (Wash Trading)
0x817390682d07cdbed90305f6d23e1534a1185095930c3934a2884973552f64ad,0x000000000000000000000000000000000000001d,0x000000000000000000000000000000000000000c,49.2312,2026-03-17 05:12:59.329378,Normal
0xc5566bd2fabcb64c624bcbea8ca43ff7f3884b0abe9ae699720fe332debf4669,0x000000000000000000000000000000000000005e,0x0000000000000000000000000000000000000051,0.0162,2026-03-17 05:38:59.329378,Suspicious (Sybil/Consolidation)
0x309ca1316652db815dd2992a7f8c759b52d915a1dede0e60b6a99bbdb4ca9739,0x0000000000000000000000000000000000000004,0x0000000000000000000000000000000000000050,33.1159,2026-03-17 06:26:59.329378,Normal
0x72f1a93f7474b17659ebeb490b1b68197d33d367ebcd638a94533caf891ba056,0x000000000000000000000000000000000000000b,0x000000000000000000000000000000000000004d,8.9833,2026-03-17 06:36:59.329378,Normal
0xecb04176fdc86550743b9119599b8c38e862dfcaf23d332f5dfdf661f665d42f,0x000000000000000000000000000000000000002c,0x0000000000000000000000000000000000000042,23.879,2026-03-17 06:41:59.329378,Normal
0xb3d153ff6a09bc1dbde22e3e904ad867aec55d87e7ba5ed038fb2eb84b9adad8,0x0000000000000000000000000000000000000022,0x0000000000000000000000000000000000000034,27.4649,2026-03-17 06:43:59.329378,Normal
0x11a2d48f4a1c8de60f800964d84c0ef92b5d65c2b6d288743ae4424ae7a371fd,0x0000000000000000000000000000000000000042,0x000000000000000000000000000000000000001f,34.7199,2026-03-17 06:54:59.329378,Normal
0x956806159235a7b819764e205082172b6f3115283cc24b8915521c2a061b776c,0x000000000000000000000000000000000000005b,0x0000000000000000000000000000000000000030,3.3217,2026-03-17 07:09:59.329378,Normal
0xc76a6ef71ab3ba18e3b05df903abde3c4551b1f6d8fd4b76500e41177154d182,0x000000000000000000000000000000000000005c,0x000000000000000000000000000000000000004c,20.5818,2026-03-17 07:17:59.329378,Normal
0xf9ad7f950d5b19af052161a0770fc3dcf721e9c0a9cc377893b0728af119796e,0x0000000000000000000000000000000000000021,0x0000000000000000000000000000000000000028,5.2572,2026-03-17 09:42:59.329378,Normal
0x8bb805a06db4885a8871fc5485636d47d18912e91839689543a45189c223bbe3,0x0000000000000000000000000000000000000013,0x0000000000000000000000000000000000000051,0.0432,2026-03-17 10:38:59.329378,Suspicious (Sybil/Consolidation)
0x71835ae2f52cc3be81390e8e19bdebab5d972dc250aa779900a4b82bcb5d77b1,0x0000000000000000000000000000000000000001,0x0000000000000000000000000000000000000008,33.247,2026-03-17 11:06:59.329378,Normal
0x99bc6216a70000857f22c3f34ebcb4f29f1ae765de825c56aec3d186db600e6b,0x000000000000000000000000000000000000001c,0x0000000000000000000000000000000000000045,17.6974,2026-03-17 11:13:59.329378,Normal
0xbfdc343767f4a84f615956cee43d5ae3c142d5d9cf4f20582da388ea5af53619,0x000000000000000000000000000000000000005b,0x000000000000000000000000000000000000005d,47.1002,2026-03-17 11:16:59.329378,Normal
0x5b3e4e208dc3899ecf3f7fa197eea08a99e97c1579418889ec2b03ced662ebd4,0x0000000000000000000000000000000000000037,0x0000000000000000000000000000000000000043,2.1769,2026-03-17 11:27:59.329378,Normal
0x49aa9c62bb3c7647d9d1f1d2069bda22f9d620e099e5d801b26c6afc1a2d5643,0x000000000000000000000000000000000000003a,0x0000000000000000000000000000000000000060,15.7532,2026-03-17 11:48:59.329378,Normal
0xcc99a1c7737460447db5634c2fa4ed4840d2b2ec4849dd43dfcef886f8417bcc,0x000000000000000000000000000000000000005e,0x000000000000000000000000000000000000002c,26.5217,2026-03-17 11:54:59.329378,Normal
0x44b200783a436fb2d109dca98f9ef6e2f1510dad65e6d5764c2ef859a7a89ede,0x0000000000000000000000000000000000000006,0x0000000000000000000000000000000000000045,45.9092,2026-03-17 12:18:59.329378,Normal
0xba89b8d88d34995f56d4f74a012eaf7eae15005ab55bf2effe6d725e0445ac4e,0x0000000000000000000000000000000000000042,0x000000000000000000000000000000000000002b,31.7392,2026-03-17 12:38:59.329378,Normal
0x9bb35bd163d71e6668bed1f5e174836be48281f2be383392289475225601e95c,0x0000000000000000000000000000000000000024,0x000000000000000000000000000000000000000a,2.655,2026-03-17 12:39:59.329378,Normal
0xddf67ce3ec09925295eadd89427a410bd4852718b4e5714e5f80e38c479ab7ae,0x000000000000000000000000000000000000004c,0x0000000000000000000000000000000000000022,14.398,2026-03-17 13:23:59.329378,Normal
0xf67f6d9698a73eb9bc081b65dc12864416f2cd2d073b8246cf273a439c16ceff,0x0000000000000000000000000000000000000007,0x000000000000000000000000000000000000000e,26.4157,2026-03-17 14:06:59.329378,Normal
0x9591c97dbe89a374037dfacf973a991abba88141566026315d95e43b5fe3c237,0x0000000000000000000000000000000000000047,0x0000000000000000000000000000000000000026,30.4793,2026-03-17 15:20:59.329378,Normal
0xf37a7bfd5726cc7228f6ad78206cab6e21ea0bb218a4daa1a123ea54f3ca6851,0x000000000000000000000000000000000000000c,0x0000000000000000000000000000000000000041,17.8603,2026-03-17 15:42:59.329378,Normal
0xb3e0ea949d57b88956097257c3c77f237353efce54333989a091e1cdfc2b6189,0x0000000000000000000000000000000000000053,0x0000000000000000000000000000000000000051,0.0288,2026-03-17 15:58:59.329378,Suspicious (Sybil/Consolidation)
0x42555f90ecd52719bc15055d3880d02bb1adb49210061639a3d5030d53e265ce,0x000000000000000000000000000000000000004f,0x000000000000000000000000000000000000004b,27.9771,2026-03-17 16:23:59.329378,Normal
0x8668619ad71a2c48831eb22e6f5233836ff1d3ec55cf73033440811cd6b02b99,0x0000000000000000000000000000000000000021,0x000000000000000000000000000000000000003f,46.455,2026-03-17 16:43:59.329378,Normal
0xc07820131c8589c6e818336a9a9f7ded43f7b3f8b793e386dd7dff40d7b3b8e4,0x000000000000000000000000000000000000001e,0x0000000000000000000000000000000000000032,13.6077,2026-03-17 16:44:59.329378,Normal
0x225aaf0e63b2f5895574478bdf9fbfd69067be75d607afcc3e9718ebb30fd06d,0x0000000000000000000000000000000000000005,0x0000000000000000000000000000000000000006,33.0933,2026-03-17 17:06:59.329378,Normal
0x40227193d5615f1cea05f8d20fe80f744ba7e8db744cb1891e0ada3caab48b80,0x0000000000000000000000000000000000000011,0x0000000000000000000000000000000000000035,39.6901,2026-03-17 17:09:59.329378,Normal
0x953fee33e600a3e34c6f29446615f00fce76b8dcf13a9b16924bf58d2216e9cc,0x0000000000000000000000000000000000000001,0x000000000000000000000000000000000000005f,20.4153,2026-03-17 17:13:59.329378,Normal
0x7fc9ccef658bb33c92e2f6b7a76dfa6f0d20b4bc098c5f738deb16eed3874115,0x0000000000000000000000000000000000000002,0x0000000000000000000000000000000000000001,12.4771,2026-03-17 17:19:59.329378,Suspicious (Wash Trading)
0x148323a1553cbfaddd4cfd2ac70f29e4d304abf4487f0d470b09ea9ad9ac4fd0,0x000000000000000000000000000000000000005f,0x000000000000000000000000000000000000000d,5.7528,2026-03-17 17:53:59.329378,Normal
0x7a4016eea57b07ffa731581bc6da08341849df28f130bff762fac5b38ea7ffae,0x0000000000000000000000000000000000000006,0x0000000000000000000000000000000000000017,7.9848,2026-03-17 18:23:59.329378,Normal
0x545aa54b24cf8f34b2fb3f10f36a58c8fbcd3810bd228fc1ff0e72372dd42f5e,0x0000000000000000000000000000000000000011,0x0000000000000000000000000000000000000051,0.0157,2026-03-17 19:00:59.329378,Suspicious (Sybil/Consolidation)
0x4990a87b3bb1f6e9b2318c0f68e2731a82034173895d469a6e5bbd6296739d4a,0x0000000000000000000000000000000000000063,0x000000000000000000000000000000000000002b,34.7755,2026-03-17 19:10:59.329378,Normal
0x47e50a0328d14e0e9b3b21e6774960d85bdb8d335bec8c27c38b555164709504,0x000000000000000000000000000000000000001e,0x0000000000000000000000000000000000000037,14.1029,2026-03-17 19:19:59.329378,Normal
0x76083730cef914b24256ed9d01a0af8b526a9a5d041bc2eb8de5c274eec452b5,0x0000000000000000000000000000000000000015,0x000000000000000000000000000000000000004c,8.8268,2026-03-17 19:25:59.329378,Normal
0x7a6d33eecc42d7595a1934d9cc22756e1f9952ec73da0fb60eaad62d5b616214,0x0000000000000000000000000000000000000002,0x0000000000000000000000000000000000000001,10.4637,2026-03-17 19:29:59.329378,Suspicious (Wash Trading)
0xd6e55675f67518e62e3df36d6b5171cee9e33c5d5275f99fafac0473c26c8957,0x0000000000000000000000000000000000000005,0x000000000000000000000000000000000000004a,35.793,2026-03-17 19:52:59.329378,Normal
0xdf8d3d3bb8262eff665be2ba5178feec4fbaad970091afb23bec7dde1bf57aa5,0x0000000000000000000000000000000000000024,0x000000000000000000000000000000000000000f,22.9594,2026-03-17 20:16:59.329378,Normal
0xb87adc29ad0b7687a4070cb0027ca9d49b0469af46f07504d329bb9eeaca44a5,0x000000000000000000000000000000000000001e,0x000000000000000000000000000000000000003b,38.9072,2026-03-17 20:25:59.329378,Normal
0x8d01a57a29d887f1582dd17bcda23de4d6c02074b796fa0b495096b1af883cfd,0x0000000000000000000000000000000000000007,0x0000000000000000000000000000000000000006,23.6123,2026-03-17 21:19:59.329378,Normal
0x248166b14b9a836626bd04452f01aa93bb87bda47886612a8167432dee5a8a12,0x000000000000000000000000000000000000003c,0x000000000000000000000000000000000000000c,20.4363,2026-03-17 21:32:59.329378,Normal
0x88ea5ab21ffe3db70dde45a7fdad182a30d449c17d83b98d19a35f6430fbe415,0x0000000000000000000000000000000000000017,0x0000000000000000000000000000000000000059,13.3339,2026-03-17 21:51:59.329378,Suspicious (Wash Trading)
0xc5b18fa50a12755b3845777fdbd3a947661cb04ad0a29e9a27f3ab8da6b869dc,0x000000000000000000000000000000000000002d,0x000000000000000000000000000000000000001e,31.5634,2026-03-17 21:55:59.329378,Normal
0x5de4a3b7a9a595df3d2e2a775d33ca5d05b936289e2688f43cf1f55c8267d020,0x000000000000000000000000000000000000003d,0x0000000000000000000000000000000000000031,12.9415,2026-03-17 21:56:59.329378,Normal
0x2d1cc96e88a5745ab0e4411125ac960716c98dc64af7739a443776b155b8e56e,0x0000000000000000000000000000000000000014,0x0000000000000000000000000000000000000029,12.5169,2026-03-17 22:15:59.329378,Normal
0x774cce61740555eca57d4ad502ac62b62a9374ae509d02e984664cc91daa4665,0x0000000000000000000000000000000000000051,0x000000000000000000000000000000000000000b,32.4358,2026-03-17 22:55:59.329378,Normal
0xd75ddeded69c2251ed82042821ded378d000b38ac4cf6fae6e1814df3f8266e1,0x000000000000000000000000000000000000004d,0x0000000000000000000000000000000000000039,6.9988,2026-03-17 23:18:59.329378,Normal
0x3008e6d386b069f4cc580432c8005f7ab1d3229496a793b1fedf3732941b7651,0x0000000000000000000000000000000000000008,0x0000000000000000000000000000000000000056,30.8638,2026-03-17 23:59:59.329378,Normal
0x2be1507909fdbda146891c03e613d90e61bd5cd2d99347561d8f3e959b1a05be,0x0000000000000000000000000000000000000007,0x000000000000000000000000000000000000002f,27.4321,2026-03-18 00:51:59.329378,Normal
0x8d23d1a122276430858b590303a7c62c2c7989031e9d12af33fc3e3cbc212044,0x0000000000000000000000000000000000000056,0x0000000000000000000000000000000000000047,46.5978,2026-03-18 00:53:59.329378,Normal
0xb661de77c9f0535d9df67b5f63b5e5c24989b720d44a37bb719bcb54d4aad4c4,0x000000000000000000000000000000000000003a,0x0000000000000000000000000000000000000016,25.4793,2026-03-18 02:23:59.329378,Normal
0x78b4ff6d809988d279d9dd3d462d3e55d572067771845560ff206a7395c895ee,0x0000000000000000000000000000000000000036,0x0000000000000000000000000000000000000040,21.3956,2026-03-18 02:24:59.329378,Normal
0xb378d3a23acad0171ab0c65a5f0a8da4aea80f7cc21a7d23cd85b0ed4de62af5,0x0000000000000000000000000000000000000014,0x0000000000000000000000000000000000000003,6.4053,2026-03-18 02:27:59.329378,Normal
0xbe37069b16b363ebfc53c73e6e9453bd8b59d3ed3595267e5003ca4802e60b53,0x000000000000000000000000000000000000005f,0x0000000000000000000000000000000000000044,37.3212,2026-03-18 02:33:59.329378,Normal
0x2de8f3e08baafe537f859ac4aa8573489b4e10c5936a7ed25478fa8c4ee9c08e,0x0000000000000000000000000000000000000009,0x0000000000000000000000000000000000000004,40.0975,2026-03-18 02:41:59.329378,Normal
0x6410ed757c40f4ea069de69fa59f8a66cc30e98757069e37ef9c4ae8fcbd06cd,0x000000000000000000000000000000000000004c,0x0000000000000000000000000000000000000062,36.4807,2026-03-18 03:18:59.329378,Normal
0x2e524dc9b97e45c0d7ba8837f98c7d4e91666448444a43301114b25e16c47f10,0x000000000000000000000000000000000000000b,0x000000000000000000000000000000000000005e,7.1183,2026-03-18 03:35:59.329378,Normal
0x6c24126d9dcb2437df34741b53e4e81c459a50929f43ba44416547973c2e6563,0x000000000000000000000000000000000000003d,0x000000000000000000000000000000000000001a,32.2088,2026-03-18 06:28:59.329378,Normal
0xe4b96ae7afb6b49bef2444a65a2ae1dc3d15bc2fd5939fb9d7be4407fd651cfe,0x000000000000000000000000000000000000000a,0x000000000000000000000000000000000000001e,28.505,2026-03-18 06:30:59.329378,Normal
0x897b7c5c72dab94445a26e42001231a4e4cb9c2c1ef2c1c4b40b4a385b3447a4,0x000000000000000000000000000000000000005d,0x000000000000000000000000000000000000000a,0.2181,2026-03-18 06:57:59.329378,Normal
0x2ffa1d9cbc5eecc25b69a4793c0a0835bebf4f56b36b4ea1dca446ef2a2ad6fc,0x000000000000000000000000000000000000000d,0x000000000000000000000000000000000000000e,22.5017,2026-03-18 06:57:59.329378,Normal
0xc566bf0b235ba8d5199fc81e419749453793d3d27468164f102c976cf0eb2b9e,0x000000000000000000000000000000000000002e,0x0000000000000000000000000000000000000052,30.0531,2026-03-18 07:35:59.329378,Normal
0xad0ac92e9138637b48f3e73a47e3c3a390c035a014e8bf83160c05f652d861d6,0x0000000000000000000000000000000000000005,0x0000000000000000000000000000000000000049,28.6571,2026-03-18 08:00:59.329378,Normal
0xba0cf20686646e9d2d4d6691e235dffe082633caf76add6a3619e69918b7ef11,0x000000000000000000000000000000000000004d,0x0000000000000000000000000000000000000061,48.8785,2026-03-18 08:04:59.329378,Normal
0x389c9bd2b475b880d4d7b9ee298a8319c642a68426e010729bd8ff8ecfe8bba0,0x0000000000000000000000000000000000000053,0x0000000000000000000000000000000000000061,27.8784,2026-03-18 08:14:59.329378,Normal
0xf2e4e130fe90355d916224144b065f0c9f07857c1dd8a05ef535c40158c47b27,0x0000000000000000000000000000000000000024,0x0000000000000000000000000000000000000044,47.4548,2026-03-18 08:39:59.329378,Normal
0x886ba0e18ee82acd5ea0651aacd5d611db9b987fc77b1af7cc14887ada0d08b3,0x0000000000000000000000000000000000000036,0x0000000000000000000000000000000000000056,2.4676,2026-03-18 10:10:59.329378,Normal
0x1298e7aedcb7e4ed0d457a60acdc97e68cf07f4e75fcfbcc599df1fcacc0b830,0x0000000000000000000000000000000000000031,0x0000000000000000000000000000000000000014,31.0575,2026-03-18 10:41:59.329378,Normal
